{"food":3250,"lights":0,"transportation":0,"purchases":0,"screen":0,"heating":2.4,"other":164.38356164383563,"total":916.7835616438356}